{"cameraMode":{"drawMode":0,"name":"Shaded","section":"Shading Mode"},"sceneLighting":false,"audioPlay":false,"sceneViewState":{"m_AlwaysRefresh":false,"showFog":true,"showSkybox":false,"showFlares":true,"showImageEffects":true,"showParticleSystems":true,"showVisualEffectGraphs":true,"m_FxEnabled":true},"in2DMode":false,"pivot":{"x":-0.1143195629119873,"y":-0.04910111427307129,"z":0.061962127685546878},"rotation":{"x":0.0563698410987854,"y":0.9319944977760315,"z":-0.31757107377052309,"w":0.16555798053741456},"size":2.327404737472534,"orthographic":false}