{"cameraMode":{"drawMode":0,"name":"Shaded","section":"Shading Mode"},"sceneLighting":false,"audioPlay":false,"sceneViewState":{"m_AlwaysRefresh":false,"showFog":true,"showSkybox":false,"showFlares":true,"showImageEffects":true,"showParticleSystems":true,"showVisualEffectGraphs":true,"m_FxEnabled":true},"in2DMode":false,"pivot":{"x":-5.9988250732421879,"y":2.550374984741211,"z":16.489999771118165},"rotation":{"x":0.2077142894268036,"y":0.03813904523849487,"z":-0.008106492459774018,"w":0.9774203896522522},"size":16.180429458618165,"orthographic":true}