{"cameraMode":{"drawMode":0,"name":"Shaded","section":"Shading Mode"},"sceneLighting":false,"audioPlay":false,"sceneViewState":{"m_AlwaysRefresh":false,"showFog":true,"showSkybox":false,"showFlares":true,"showImageEffects":true,"showParticleSystems":true,"showVisualEffectGraphs":true,"m_FxEnabled":true},"in2DMode":false,"pivot":{"x":20.34183120727539,"y":1.892199993133545,"z":-14.008367538452149},"rotation":{"x":-0.49849385023117068,"y":-0.010048658587038517,"z":0.005779372062534094,"w":-0.866818368434906},"size":3.3794031143188478,"orthographic":true}