{"cameraMode":{"drawMode":0,"name":"Shaded","section":"Shading Mode"},"sceneLighting":false,"audioPlay":false,"sceneViewState":{"m_AlwaysRefresh":false,"showFog":true,"showSkybox":false,"showFlares":true,"showImageEffects":true,"showParticleSystems":true,"showVisualEffectGraphs":true,"m_FxEnabled":true},"in2DMode":false,"pivot":{"x":-7.230071067810059,"y":-72.39439392089844,"z":-26.76697540283203},"rotation":{"x":0.27962881326675417,"y":0.0009507765644229949,"z":-0.0003030951484106481,"w":0.9601430892944336},"size":5.1572089195251469,"orthographic":true}