{"cameraMode":{"drawMode":0,"name":"Shaded","section":"Shading Mode"},"sceneLighting":false,"audioPlay":false,"sceneViewState":{"m_AlwaysRefresh":false,"showFog":true,"showSkybox":false,"showFlares":true,"showImageEffects":true,"showParticleSystems":true,"showVisualEffectGraphs":true,"m_FxEnabled":true},"in2DMode":false,"pivot":{"x":4.090932846069336,"y":73.69590759277344,"z":38.35326385498047},"rotation":{"x":0.04138622432947159,"y":-0.006495502777397633,"z":0.0002607183123473078,"w":0.9991326928138733},"size":11.925186157226563,"orthographic":true}